url_from,url_to
http://mason.gmu.edu/~abenavi/biblio.html,http://mason.gmu.edu/~abenavi/index.html
http://mason.gmu.edu/~abenavi/biblio.html,http://mason.gmu.edu/~abenavi/syllabus.html
http://mason.gmu.edu/~abenavi/biblio.html,http://mason.gmu.edu/~abenavi/aboutme.html
http://mason.gmu.edu/~abenavi/biblio.html,http://mason.gmu.edu/~abenavi/title.html
http://mason.gmu.edu/~abenavi/biblio.html,http://mason.gmu.edu/~abenavi/biblio.html
http://mason.gmu.edu/~abenavi/biblio.html,https://studio.code.org/projects/applab/ItSGAoECLg8OF-oxHTkxLU82Q7aBfAoJkZYtsFBaUwg
http://mason.gmu.edu/~abenavi/biblio.html,https://www.forbes.com/sites/vinettaproject/2016/08/11/these-cybersecurity-tips-could-save-your-business/
http://mason.gmu.edu/~abenavi/biblio.html,https://www.aauw.org/2015/02/12/introduce-girls-to-cybersecurity/
http://mason.gmu.edu/~abenavi/biblio.html,https://www.globalrailwayreview.com/news/89905/rolling-stock-cybersecurity-is-certified-for-siemens-mobility/
http://mason.gmu.edu/~abenavi/biblio.html,https://www.bigspeak.com/using-digital-media-to-extend-the-impact-of-conference-speakers/
http://mason.gmu.edu/~abenavi/biblio.html,https://www.americannursetoday.com/cybersecurity-healthcare-records/
http://mason.gmu.edu/~abenavi/biblio.html,https://community.spiceworks.com/topic/2213191-funny-and-stupid-hacker-stock-images-why
http://mason.gmu.edu/~abenavi/biblio.html,https://www.forescout.com/company/blog/how-to-comply-with-the-5-functions-of-the-nist-cybersecurity-framework/%22
http://mason.gmu.edu/~abenavi/biblio.html,https://pixabay.com/illustrations/geek-the-code-yellow-black-663264/
http://mason.gmu.edu/~abenavi/biblio.html,https://www.cshub.com/interviews/articles/the-biggest-problem-in-cyber-security-right-now
http://mason.gmu.edu/~abenavi/biblio.html,https://frsecure.com/blog/best-practices-for-implementing-a-vendor-risk-management-program/
http://mason.gmu.edu/~abenavi/biblio.html,https://search.proquest.com/docview/1947417411?accountid=14541
http://mason.gmu.edu/~abenavi/biblio.html,https://www.calyptix.com/top-threats/3-cyber-security-legal-%20issues-for-msps-and-vars/
http://mason.gmu.edu/~abenavi/biblio.html,https://www.sciencedaily.com/releases/2019/04/190417102734.htm.
http://mason.gmu.edu/~abenavi/biblio.html,https://search.proquest.com/docview/1890557957?accountid=14541
http://mason.gmu.edu/~abenavi/biblio.html,https://securityintelligence.com/tough-challenges-cybersecurity-ethics
http://mason.gmu.edu/~abenavi/biblio.html,https://www.natlawreview.com/article/privacy-and-cybersecurity-issues-to-watch-2019
http://mason.gmu.edu/~abenavi/biblio.html,https://www.irishtimes.com/business/technology/cybersecurity-everyone-s-problem-%20across-society-us-security-chief-1.3465066
http://mason.gmu.edu/~abenavi/biblio.html,https://www.blackstratus.com/best-practices-cybersecurity-%0A%20compliance-audits/
http://mason.gmu.edu/~abenavi/biblio.html,http://dx.doi.org/10.1177/0894439310392197
http://mason.gmu.edu/~abenavi/biblio.html,https://securitytoday.com/articles/2018/02/19/why-%20cybersecurity-has-never-been-more-important.aspx
http://mason.gmu.edu/~abenavi/syllabus.html,http://mason.gmu.edu/~abenavi/index.html
http://mason.gmu.edu/~abenavi/syllabus.html,http://mason.gmu.edu/~abenavi/syllabus.html
http://mason.gmu.edu/~abenavi/syllabus.html,http://mason.gmu.edu/~abenavi/aboutme.html
http://mason.gmu.edu/~abenavi/syllabus.html,http://mason.gmu.edu/~abenavi/title.html
http://mason.gmu.edu/~abenavi/syllabus.html,http://mason.gmu.edu/~abenavi/biblio.html
http://mason.gmu.edu/~abenavi/aboutme.html,http://mason.gmu.edu/~abenavi/index.html
http://mason.gmu.edu/~abenavi/aboutme.html,http://mason.gmu.edu/~abenavi/syllabus.html
http://mason.gmu.edu/~abenavi/aboutme.html,http://mason.gmu.edu/~abenavi/aboutme.html
http://mason.gmu.edu/~abenavi/aboutme.html,http://mason.gmu.edu/~abenavi/title.html
http://mason.gmu.edu/~abenavi/aboutme.html,http://mason.gmu.edu/~abenavi/biblio.html
http://mason.gmu.edu/~abenavi/title.html,http://mason.gmu.edu/~abenavi/index.html
http://mason.gmu.edu/~abenavi/title.html,http://mason.gmu.edu/~abenavi/syllabus.html
http://mason.gmu.edu/~abenavi/title.html,http://mason.gmu.edu/~abenavi/aboutme.html
http://mason.gmu.edu/~abenavi/title.html,http://mason.gmu.edu/~abenavi/title.html
http://mason.gmu.edu/~abenavi/title.html,http://mason.gmu.edu/~abenavi/biblio.html
http://mason.gmu.edu/~abenavi/title.html,http://mason.gmu.edu/~abenavi/intro.html
http://mason.gmu.edu/~abenavi/title.html,http://mason.gmu.edu/~abenavi/bene.html
http://mason.gmu.edu/~abenavi/title.html,http://mason.gmu.edu/~abenavi/soc.html
http://mason.gmu.edu/~abenavi/title.html,http://mason.gmu.edu/~abenavi/legal.html
http://mason.gmu.edu/~abenavi/title.html,http://mason.gmu.edu/~abenavi/ethics.html
http://mason.gmu.edu/~abenavi/title.html,http://mason.gmu.edu/~abenavi/security.html
http://mason.gmu.edu/~abenavi/title.html,http://mason.gmu.edu/~abenavi/social.html
http://mason.gmu.edu/~abenavi/title.html,http://mason.gmu.edu/~abenavi/research.html
http://mason.gmu.edu/~abenavi/title.html,http://mason.gmu.edu/~abenavi/conclusion.html
http://mason.gmu.edu/~abenavi/title.html,https://oai.gmu.edu/mason-honor-code/
http://mason.gmu.edu/~abenavi/title.html,http://copyright.gmu.edu/?page_id=301
http://mason.gmu.edu/~abenavi/index.html,http://mason.gmu.edu/~abenavi/index.html
http://mason.gmu.edu/~abenavi/index.html,http://mason.gmu.edu/~abenavi/syllabus.html
http://mason.gmu.edu/~abenavi/index.html,http://mason.gmu.edu/~abenavi/aboutme.html
http://mason.gmu.edu/~abenavi/index.html,http://mason.gmu.edu/~abenavi/title.html
http://mason.gmu.edu/~abenavi/index.html,http://mason.gmu.edu/~abenavi/biblio.html
